"DESCRIPTION","DURATION IN MS","NAME","PARENT SUITE","START TIME","STATUS","STOP TIME","SUB SUITE","SUITE","TEST CLASS","TEST METHOD"
"","4818","@regression verify user is able to land on the product page - macbook - MacBook Pro","chromium","2026-10-02","passed","2026-10-02","","searchpage.spec.ts","",""
"","4056","@regression verify search results count - macbook - MacBook Pro","chromium","2026-10-02","passed","2026-10-02","","searchpage.spec.ts","",""
"","2804","@regression login to app with invalid credentials with CSV data - - pw1234","chromium","2026-10-02","passed","2026-10-02","","loginpagefix.spec.ts","",""
"","2428","@regression forgot pwd link exist test","chromium","2026-10-02","passed","2026-10-02","","loginpagefix.spec.ts","",""
"","3510","@regression home page headers exist test","chromium","2026-10-02","passed","2026-10-02","","homepagefix.spec.ts","",""
"","4733","@regression verify user is able to land on the product page - macbook - MacBook Air","chromium","2026-10-02","passed","2026-10-02","","searchpage.spec.ts","",""
"","4752","@regression Register account test - peter - mathew","chromium","2026-10-02","passed","2026-10-02","","registrationpage.spec.ts","",""
"","3026","@regression login to app with invalid credentials with CSV data - pwapril@pw.com -","chromium","2026-10-02","passed","2026-10-02","","loginpagefix.spec.ts","",""
"","5746","@regression Verify quantity of the added product is displayed correctly in the shopping cart","chromium","2026-10-02","passed","2026-10-02","","shoppingcartpage.spec.ts","",""
"","3982","@regression verify search results count - macbook - MacBook Air","chromium","2026-10-02","passed","2026-10-02","","searchpage.spec.ts","",""
"","2441","@regression returning customer header exist test","chromium","2026-10-02","passed","2026-10-02","","loginpagefix.spec.ts","",""
"","3910","@regression verify search results count - samsung - Samsung Galaxy Tab 10.1","chromium","2026-10-02","passed","2026-10-02","","searchpage.spec.ts","",""
"","4908","@regression verify user is able to land on the product page - imac - iMac","chromium","2026-10-02","passed","2026-10-02","","searchpage.spec.ts","",""
"","6200","@regression Verify added product is displayed in the shopping cart","chromium","2026-10-02","passed","2026-10-02","","shoppingcartpage.spec.ts","",""
"","4410","@regression Register account test - andrew - mathew","chromium","2026-10-02","passed","2026-10-02","","registrationpage.spec.ts","",""
"","963","@regression get albums data test","chromium","2026-10-02","passed","2026-10-02","","api/spotify.oauth2.spec.ts","",""
"","2947","@regression login to app with invalid credentials with CSV data - invalid@open.com - wrong123","chromium","2026-10-02","passed","2026-10-02","","loginpagefix.spec.ts","",""
"","5008","@regression verify user is able to land on the product page - samsung - Samsung Galaxy Tab 10.1","chromium","2026-10-02","passed","2026-10-02","","searchpage.spec.ts","",""
"","2810","@regression Invalid email + valid password test","chromium","2026-10-02","passed","2026-10-02","","loginpage.spec.ts","",""
"","1286","@regression get all users GET api test","chromium","2026-10-02","passed","2026-10-02","","api/users.api.practice.spec.ts","",""
"","3900","@regression verify search results count - imac - iMac","chromium","2026-10-02","passed","2026-10-02","","searchpage.spec.ts","",""
"","1699","@regression get a user - schema test","chromium","2026-10-02","passed","2026-10-02","","api/user.api.schema.spec.ts","",""
"","4802","@regression Register account test - biyanka - mathew","chromium","2026-10-02","passed","2026-10-02","","registrationpage.spec.ts","",""
"","248","@regression partial update booking with token","chromium","2026-10-02","passed","2026-10-02","","api/booking.api.spec.ts","",""
"","4738","@regression Register account test - allen - mathew","chromium","2026-10-02","passed","2026-10-02","","registrationpage.spec.ts","",""
"","320","@regression Delete booking using cookie Token test","chromium","2026-10-02","passed","2026-10-02","","api/booking.api.spec.ts","",""
"","4056","@regression Verify registration fails when email is already registered","chromium","2026-10-02","passed","2026-10-02","","registrationpage.spec.ts","",""
